Workbook

Sheet 概念說明
B1: Lucky Star Casino — RTP / 機率模型（活試算表 v2）
B3: 法則 / 名詞 | C3: 說明（對應程式碼）
B4: ① 加權機率 | C4: pᵢ = 權重ᵢ / Σ權重。老虎機符號出現機率由 weight 決定（SlotSymbol.java）。權重是旋鈕，機率是歸一化結果。
B5: ② 獨立事件相乘 | C5: 三輪互相獨立 → 三連同符號 = pᵢ³；左二同(第三格不同) = pᵢ²(1−pᵢ)。
B6: ③ 期望值（EV） | C6: E[派彩] = Σ(結果機率 × 結果派彩)。期望值是『機率』與『錢』之間的橋。
B7: ④ RTP / 莊家優勢 | C7: RTP = E[派彩]/下注。莊家優勢 = 1−RTP。倍率含本金 → 不賺不賠 = RTP 1.0（非 0）。
B8: ⑤ 變異 / 大數法則 | C8: Var = E[X²]−E[X]²，SD=√Var。RTP 是長期收斂平均，非每局保證。變異越大收斂越慢。
B9: ⑥ 反解（捕魚機） | C9: 先定 RTP 目標，回推自由參數：pCapture = TARGET_RTP × E[N] / multiplier（FishingCombat.java:190）。
B10: ⑦ 殘血回收（ADR-004） | C10: 受傷未死的魚退還 RECOVERY_RATE(0.70) 子彈成本 → 體感 RTP 落在 [回收率, 設計RTP]=[0.70,0.96]。
B11: ⑧ 條件機率（百家樂） | C11: 莊家補牌與否取決於閒家第三張（條件機率）。莊/閒/和機率無簡單閉式，須枚舉補牌規則求解。莊後手的資訊優勢＝『莊RTP>閒RTP』的根源。
B12: 分頁導覽 | C12: 【老虎機】正向RTP。【百家樂】條件機率枚舉→莊/閒/和RTP。【捕魚機】反解pCapture+體感RTP區間。【_DP對照表】E[N]動態規劃。【驗證報告】三方交叉驗證與修復紀錄。
B13: 黃底=可改輸入 | C13: 綠底=公式推導 橘底=關鍵結果。改黃底格，其餘自動重算。

Sheet 老虎機
A1: 老虎機 RTP 模型（單中線、兩階賠付）— 改 B/C/D 欄即自動重算
A3: 符號 | B3: 權重 weight | C3: 小獎倍率 pair | D3: 大獎倍率 triple | E3: 機率 pᵢ | F3: 三連 pᵢ³ | G3: 左二同 pᵢ²(1−pᵢ) | H3: EV三連 | I3: EV左二 | J3: EV合計 | K3: E[X²]貢獻
A4: 🍒CHERRY | B4: 45 | C4: 1 | D4: 5 | E4: =B4/$B$9 | F4: =E4^3 | G4: =E4^2*(1-E4) | H4: =F4*D4 | I4: =G4*C4 | J4: =H4+I4 | K4: =F4*D4^2+G4*C4^2
A5: 🍋LEMON | B5: 30 | C5: 1 | D5: 8 | E5: =B5/$B$9 | F5: =E5^3 | G5: =E5^2*(1-E5) | H5: =F5*D5 | I5: =G5*C5 | J5: =H5+I5 | K5: =F5*D5^2+G5*C5^2
A6: 🔔BELL | B6: 16 | C6: 2 | D6: 18 | E6: =B6/$B$9 | F6: =E6^3 | G6: =E6^2*(1-E6) | H6: =F6*D6 | I6: =G6*C6 | J6: =H6+I6 | K6: =F6*D6^2+G6*C6^2
A7: ⭐STAR | B7: 7 | C7: 3 | D7: 50 | E7: =B7/$B$9 | F7: =E7^3 | G7: =E7^2*(1-E7) | H7: =F7*D7 | I7: =G7*C7 | J7: =H7+I7 | K7: =F7*D7^2+G7*C7^2
A8: 7️⃣SEVEN | B8: 5 | C8: 5 | D8: 70 | E8: =B8/$B$9 | F8: =E8^3 | G8: =E8^2*(1-E8) | H8: =F8*D8 | I8: =G8*C8 | J8: =H8+I8 | K8: =F8*D8^2+G8*C8^2
A9: Σ權重→ | B9: =SUM(B4:B8) | F9: =SUM(F4:F8) | G9: =SUM(G4:G8) | H9: =SUM(H4:H8) | I9: =SUM(I4:I8) | J9: =SUM(J4:J8) | K9: =SUM(K4:K8)
A11: 關鍵指標 | C11: 公式說明
A12: 命中率（總） | B12: =F9+G9 | C12: 三連+左二同=Σpᵢ²
A13: └ 三連命中率 | B13: =F9 | C13: Σpᵢ³
A14: └ 左二同命中率 | B14: =G9 | C14: Σpᵢ²(1−pᵢ)
A15: RTP（含本金） | B15: =J9 | C15: E[派彩]/下注；理論≈93.8%
A16: 莊家優勢 | B16: =1-J9 | C16: 1−RTP
A17: E[X²]（二階矩） | B17: =K9 | C17: Σ機率×派彩²
A18: 變異 Var | B18: =K9-J9^2 | C18: E[X²]−E[X]²
A19: 標準差 SD | B19: =SQRT(K9-J9^2) | C19: √Var：單局波動（bet倍數，受7️⃣尾部主導）
A20: 變異係數 CV | B20: =SQRT(K9-J9^2)/J9 | C20: SD/RTP：相對波動

Sheet _DP對照表
A1: r（剩餘單位） | B1: h[r]=E[擊殺發數] | D1: DP 遞推：h[r]=1+(1−crit)·h[r−1]+crit·h[r−2]，邊界 h[0]=0、h[1]=1。crit 取自『捕魚機』B5。【B1修復】範圍延長到 r=800（涵蓋砲台傷害低到~3 的龍王 HP2000），杜絕 INDEX 越界 #REF!。
A2: 0 | B2: 0
A3: 1 | B3: 1
A4: 2 | B4: =1+(1-捕魚機!$B$5)*B3+捕魚機!$B$5*B2
A5: 3 | B5: =1+(1-捕魚機!$B$5)*B4+捕魚機!$B$5*B3
A6: 4 | B6: =1+(1-捕魚機!$B$5)*B5+捕魚機!$B$5*B4
A7: 5 | B7: =1+(1-捕魚機!$B$5)*B6+捕魚機!$B$5*B5
A8: 6 | B8: =1+(1-捕魚機!$B$5)*B7+捕魚機!$B$5*B6
A9: 7 | B9: =1+(1-捕魚機!$B$5)*B8+捕魚機!$B$5*B7
A10: 8 | B10: =1+(1-捕魚機!$B$5)*B9+捕魚機!$B$5*B8
A11: 9 | B11: =1+(1-捕魚機!$B$5)*B10+捕魚機!$B$5*B9
A12: 10 | B12: =1+(1-捕魚機!$B$5)*B11+捕魚機!$B$5*B10
A13: 11 | B13: =1+(1-捕魚機!$B$5)*B12+捕魚機!$B$5*B11
A14: 12 | B14: =1+(1-捕魚機!$B$5)*B13+捕魚機!$B$5*B12
A15: 13 | B15: =1+(1-捕魚機!$B$5)*B14+捕魚機!$B$5*B13
... A802: 800 | B802: =1+(1-捕魚機!$B$5)*B801+捕魚機!$B$5*B800

Sheet 捕魚機
A1: 捕魚機 RTP 模型（反解 pCapture + 殘血回收體感RTP）— 改 B4/B13/B30 自動重算
A3: 參數 | B3: 值 | C3: 說明
A4: TARGET_RTP（設計值） | B4: 0.96 | C4: 每發子彈期望回報＝體感天花板
A5: CRIT_CHANCE 暴擊率 | B5: 0.2 | C5: 暴擊則傷害×倍率
A6: CRIT_MULT 暴擊倍率 | B6: 2
A7: critFactor | B7: =1+B5*(B6-1) | C7: 1+暴擊率×(暴擊倍率−1)
A8: RECOVERY_RATE 殘血回收 | B8: 0.7 | C8: 受傷未死退還比例＝體感地板(ADR-004)
A10: 砲台傷害 | B10: 10 | C10: 14 | D10: 18
B11: 銅 lv1 | C11: 銀 lv2 | D11: 金 lv3
A12: 選用砲台 lv(1-3) | B12: 1
A13: 選用基礎傷害 | B13: =INDEX(B10:D10,1,B12)
A15: 魚種 | B15: 倍率 mult | C15: 血量 HP | D15: 單位數 units | E15: E[N] 期望發數 | F15: pCapture | G15: RTP驗證 | H15: 若銅炮 pCap | I15: 若金炮 pCap | J15: 捕獲倍率（變異）L4
A16: 錦鯉KOI | B16: 2 | C16: =B16*10 | D16: =CEILING(C16/$B$13,1) | E16: =INDEX(_DP對照表!$B$2:$B$802,D16+1) | F16: =MIN(1,$B$4*E16/B16) | G16: =F16*B16/E16 | H16: =MIN(1,$B$4*INDEX(_DP對照表!$B$2:$B$802,CEILING(C16/$B$10,1)+1)/B16) | I16: =MIN(1,$B$4*INDEX(_DP對照表!$B$2:$B$802,CEILING(C16/$D$10,1)+1)/B16) | J16: 2x 定額（捕獲派彩變異 0）
A17: 金魚GOLDFISH | B17: 3 | C17: =B17*10 | D17: =CEILING(C17/$B$13,1) | E17: =INDEX(_DP對照表!$B$2:$B$802,D17+1) | F17: =MIN(1,$B$4*E17/B17) | G17: =F17*B17/E17 | H17: =MIN(1,$B$4*INDEX(_DP對照表!$B$2:$B$802,CEILING(C17/$B$10,1)+1)/B17) | I17: =MIN(1,$B$4*INDEX(_DP對照表!$B$2:$B$802,CEILING(C17/$D$10,1)+1)/B17) | J17: 3x 定額（捕獲派彩變異 0）
A18: 燈籠魚LANTERN | B18: 5 | C18: =B18*10 | D18: =CEILING(C18/$B$13,1) | E18: =INDEX(_DP對照表!$B$2:$B$802,D18+1) | F18: =MIN(1,$B$4*E18/B18) | G18: =F18*B18/E18 | H18: =MIN(1,$B$4*INDEX(_DP對照表!$B$2:$B$802,CEILING(C18/$B$10,1)+1)/B18) | I18: =MIN(1,$B$4*INDEX(_DP對照表!$B$2:$B$802,CEILING(C18/$D$10,1)+1)/B18) | J18: 5x 定額（捕獲派彩變異 0）
A19: 河豚PUFFER | B19: 8 | C19: =B19*10 | D19: =CEILING(C19/$B$13,1) | E19: =INDEX(_DP對照表!$B$2:$B$802,D19+1) | F19: =MIN(1,$B$4*E19/B19) | G19: =F19*B19/E19 | H19: =MIN(1,$B$4*INDEX(_DP對照表!$B$2:$B$802,CEILING(C19/$B$10,1)+1)/B19) | I19: =MIN(1,$B$4*INDEX(_DP對照表!$B$2:$B$802,CEILING(C19/$D$10,1)+1)/B19) | J19: 8x 定額（捕獲派彩變異 0）
A20: 神仙魚ANGELFISH | B20: 15 | C20: =B20*10 | D20: =CEILING(C20/$B$13,1) | E20: =INDEX(_DP對照表!$B$2:$B$802,D20+1) | F20: =MIN(1,$B$4*E20/B20) | G20: =F20*B20/E20 | H20: =MIN(1,$B$4*INDEX(_DP對照表!$B$2:$B$802,CEILING(C20/$B$10,1)+1)/B20) | I20: =MIN(1,$B$4*INDEX(_DP對照表!$B$2:$B$802,CEILING(C20/$D$10,1)+1)/B20) | J20: 15x 定額（捕獲派彩變異 0）
A21: 魔鬼魚DEVIL_RAY | B21: 25 | C21: =B21*10 | D21: =CEILING(C21/$B$13,1) | E21: =INDEX(_DP對照表!$B$2:$B$802,D21+1) | F21: =MIN(1,$B$4*E21/B21) | G21: =F21*B21/E21 | H21: =MIN(1,$B$4*INDEX(_DP對照表!$B$2:$B$802,CEILING(C21/$B$10,1)+1)/B21) | I21: =MIN(1,$B$4*INDEX(_DP對照表!$B$2:$B$802,CEILING(C21/$D$10,1)+1)/B21) | J21: 25x 定額（捕獲派彩變異 0）
A22: 金龍GOLD_DRAGON | B22: 60 | C22: =B22*10 | D22: =CEILING(C22/$B$13,1) | E22: =INDEX(_DP對照表!$B$2:$B$802,D22+1) | F22: =MIN(1,$B$4*E22/B22) | G22: =F22*B22/E22 | H22: =MIN(1,$B$4*INDEX(_DP對照表!$B$2:$B$802,CEILING(C22/$B$10,1)+1)/B22) | I22: =MIN(1,$B$4*INDEX(_DP對照表!$B$2:$B$802,CEILING(C22/$D$10,1)+1)/B22) | J22: 60x 定額（捕獲派彩變異 0）
A23: 貔貅PIXIU | B23: 88 | C23: =B23*10 | D23: =CEILING(C23/$B$13,1) | E23: =INDEX(_DP對照表!$B$2:$B$802,D23+1) | F23: =MIN(1,$B$4*E23/B23) | G23: =F23*B23/E23 | H23: =MIN(1,$B$4*INDEX(_DP對照表!$B$2:$B$802,CEILING(C23/$B$10,1)+1)/B23) | I23: =MIN(1,$B$4*INDEX(_DP對照表!$B$2:$B$802,CEILING(C23/$D$10,1)+1)/B23) | J23: 88x 定額（捕獲派彩變異 0）
A24: 財神CAISHEN | B24: 100 | C24: =B24*10 | D24: =CEILING(C24/$B$13,1) | E24: =INDEX(_DP對照表!$B$2:$B$802,D24+1) | F24: =MIN(1,$B$4*E24/B24) | G24: =F24*B24/E24 | H24: =MIN(1,$B$4*INDEX(_DP對照表!$B$2:$B$802,CEILING(C24/$B$10,1)+1)/B24) | I24: =MIN(1,$B$4*INDEX(_DP對照表!$B$2:$B$802,CEILING(C24/$D$10,1)+1)/B24) | J24: 100x 定額（捕獲派彩變異 0）
A25: 龍王DRAGON_KING | B25: 200 | C25: =B25*10 | D25: =CEILING(C25/$B$13,1) | E25: =INDEX(_DP對照表!$B$2:$B$802,D25+1) | F25: =MIN(1,$B$4*E25/B25) | G25: =F25*B25/E25 | H25: =MIN(1,$B$4*INDEX(_DP對照表!$B$2:$B$802,CEILING(C25/$B$10,1)+1)/B25) | I25: =MIN(1,$B$4*INDEX(_DP對照表!$B$2:$B$802,CEILING(C25/$D$10,1)+1)/B25) | J25: 200x 定額（捕獲派彩變異 0）
A26: 搖錢樹MONEY_TREE | B26: 30 | C26: =B26*10 | D26: =CEILING(C26/$B$13,1) | E26: =INDEX(_DP對照表!$B$2:$B$802,D26+1) | F26: =MIN(1,$B$4*E26/B26) | G26: =F26*B26/E26 | H26: =MIN(1,$B$4*INDEX(_DP對照表!$B$2:$B$802,CEILING(C26/$B$10,1)+1)/B26) | I26: =MIN(1,$B$4*INDEX(_DP對照表!$B$2:$B$802,CEILING(C26/$D$10,1)+1)/B26) | J26: 10~50隨機 期望30 SD≈11.83 ★高變異
A27: 反解證明：改 B4 → 全部 pCapture 等比重縮放，但『RTP驗證』恆=目標。L4：搖錢樹捕獲倍率均勻 10~50（期望30、SD=√140≈11.83），其餘魚為定額倍率。
A29: L1 體感RTP（殘血回收後，ADR-004） | D29: 說明
A30: 完成率 q（打到死的子彈占比） | B30: 0.85 | D30: 玩家把鎖定魚打完的比例（行為，可改）
A31: 體感RTP = q·設計 +(1−q)·回收 | B31: =B30*$B$4+(1-B30)*$B$8 | D31: 完成的子彈→設計RTP；游走的子彈→只拿回收率
A32: 地板（q=0，全游走） | B32: =B8 | D32: =RECOVERY_RATE
A33: 天花板（q=1，全打死） | B33: =B4 | D33: =TARGET_RTP

Sheet 百家樂
A1: 百家樂 RTP 模型（無限靴 · 莊5%傭金 · 和8:1 · 和局push · 每局反水0.5%）— 改黃底參數自動重算
A3: ① 牌值分布（無限靴：每張牌獨立均勻抽 13 面）
A4: 值 v | B4: 牌面 | C4: 張數/13 | D4: 機率 pᵥ
A5: 0 | B5: 10/J/Q/K | C5: 4 | D5: =C5/13
A6: 1 | B6: A | C6: 1 | D6: =C6/13
A7: 2 | B7: 2 | C7: 1 | D7: =C7/13
A8: 3 | B8: 3 | C8: 1 | D8: =C8/13
A9: 4 | B9: 4 | C9: 1 | D9: =C9/13
A10: 5 | B10: 5 | C10: 1 | D10: =C10/13
A11: 6 | B11: 6 | C11: 1 | D11: =C11/13
A12: 7 | B12: 7 | C12: 1 | D12: =C12/13
A13: 8 | B13: 8 | C13: 1 | D13: =C13/13
A14: 9 | B14: 9 | C14: 1 | D14: =C14/13
A15: Σ | C15: =SUM(C5:C14) | D15: =SUM(D5:D14) | E15: ←應=13 / 1.0
A17: ② 結果機率（獨立枚舉，鏡像 BaccaratGameService 補牌規則）
A18: 結果 | B18: 機率 | C18: 說明
A19: 莊 BANKER | B19: 0.45842792 | C19: 莊後手，看閒第三張才決定補牌（資訊優勢）
A20: 閒 PLAYER | B20: 0.44614651 | C20: 閒 0~5 補、6~7 停
A21: 和 TIE | B21: 0.09542557 | C21: 莊閒同點；押和 8:1、押莊閒退本金
A22: 合計 | B22: =SUM(B19:B21) | C22: ←驗證=1（枚舉完整無漏）
A23: 註：無限靴精確值，與 8 副靴表(莊0.4586/閒0.4462/和0.0952)差在小數第4位＝牌堆有限性；後端 Javadoc 明載採無限靴，故模型用此組才叫鏡像程式碼。
A25: ③ 賠付與反水參數（可改）
A26: 莊贏傭金率 | B26: 0.05 | C26: 莊贏派彩扣 5%
A27: 和賠率（:1） | B27: 8 | C27: 押中和：本金+8倍
A28: 莊/閒賠率（:1） | B28: 1 | C28: 1:1
A29: 每局反水率 | B29: 0.005 | C29: bet≥200精確；最低1星幣(小注等效更高)
A31: ④ 各注別 RTP（含本金）— 押注1單位的期望回收
A32: 注別 | B32: 贏派彩倍 (含本金) | C32: 和局派彩倍 | D32: RTP (未計反水) | E32: RTP (+反水) | F32: 莊家優勢 (含反水)
A33: 押閒 PLAYER | B33: 2 | C33: 1 | D33: =B33*$B$20+C33*$B$21 | E33: =D33+$B$29 | F33: =1-E33
A34: 押莊 BANKER | B34: =2-$B$26 | C34: 1 | D34: =B34*$B$19+C34*$B$21 | E34: =D34+$B$29 | F34: =1-E34
A35: 押和 TIE | B35: =1+$B$27 | C35: 0 | D35: =B35*$B$21 | E35: =D35+$B$29 | F35: =1-E35
A37: ⑤ 關鍵洞察（面試講得出來）
A38: • 為何莊比閒好（即使扣5%傭金）：莊家後手，看到閒家第三張才決定補牌→P(莊)>P(閒)，資訊優勢抵過傭金，故莊RTP(0.989)>閒RTP(0.988)。
A39: • 和局是最差的注：8:1 賠率下莊家優勢≈14%，遠高於莊/閒的≈1%。押和長期最傷本金。
A40: • 和局時押莊/閒 push 退本金（非全輸）→ 大幅降低有效變異，這是百家樂莊/閒注低波動、適合穩健玩家的原因。
A41: • 反水每局 +0.5%（bet≥200精確；最低1星幣，小注等效更高）→ 莊注含反水 RTP≈0.994，把莊家優勢壓到約 0.6%。

Sheet 驗證報告
A1: 驗證報告（2026-06-30）— 三方交叉驗證 + 缺陷修復紀錄
A3: ① 三方數值交叉驗證（程式碼 / 獨立Python / Excel實算）
A4: 指標 | B4: 程式碼Javadoc | C4: Python | D4: Excel實算 | E4: 一致
A5: 老虎機 RTP | B5: ≈93.8% | C5: 0.93830 | D5: 0.93830 | E5: ✅
A6: 老虎機 命中率 | B6: ≈30.7% | C6: 0.30681 | D6: 0.30681 | E6: ✅
A7: 老虎機 SD | B7: — | C7: 2.3853 | D7: 2.3853 | E7: ✅
A8: 財神·金炮 pCapture | B8: ≈0.44 | C8: 0.4493 | D8: 0.4493 | E8: ✅
A9: 捕魚 RTP驗證(每魚) | B9: =TARGET | C9: 0.96000 | D9: 0.96000 | E9: ✅
A11: ② 模型 ↔ 真實程式碼 對照
A12: 模型假設 | B12: 程式位置 | E12: 一致
A13: 三連 pᵢ³ → tripleMult | B13: SlotMachine.java:72 | E13: ✅
A14: 左二同 pᵢ²(1−pᵢ) → pairMult | B14: SlotMachine.java:76 | E14: ✅
A15: 右二同不賠 | B15: SlotMachine.java:77 | E15: ✅
A16: HP = mult×10 | B16: FishSpecies.java:64 | E16: ✅
A17: E[N] 含暴擊DP | B17: FishingCombat.java:126 | E17: ✅
A18: pCapture=TARGET·E[N]/mult | B18: FishingCombat.java:190 | E18: ✅
A20: ③ 缺陷與修復狀態
A21: 缺陷 | B21: 說明 | C21: 修復 | D21: 驗證 | E21: 狀態
A22: B1 DP範圍越界 | B22: 傷害低→units>260→#REF! | C22: 延長至r=800 | D22: 銅炮=5龍王不再#REF! | E22: ✅
A23: L1 RECOVERY死輸入 | B23: 回收率沒接進計算 | C23: 加體感RTP區間 | D23: q=.85→92.1% | E23: ✅
A24: L4 無捕魚變異 | B24: 搖錢樹變異未現 | C24: 加捕獲倍率欄 | D24: SD≈11.83標注 | E24: ✅
A25: L2/L3 說明不足 | B25: 設計vs實際/自洽檢查 | C25: 本報告+註解 | D25: 已文件化 | E25: ✅
A27: 方法：① 讀真實 Java 引擎取理論值；② 手寫 Python 獨立重算；③ formulas 函式庫實際求值 xlsx 公式。三條路徑互不相依，全部吻合。
A29: ④ 百家樂新增驗證（2026-07-01）— 三方機率/RTP + 程式對照
A30: 指標 | B30: 程式碼 | C30: Python枚舉 | D30: Excel實算 | E30: 一致
A31: P(莊) | B31: — | C31: 0.458428 | D31: =百家樂!B19 | E31: ✅
A32: P(閒) | B32: — | C32: 0.446147 | D32: =百家樂!B20 | E32: ✅
A33: P(和) | B33: — | C33: 0.095426 | D33: =百家樂!B21 | E33: ✅
A34: 押莊 RTP | B34: ≈0.99(雷17) | C34: 0.98936 | D34: =百家樂!D34 | E34: ✅
A35: 押閒 RTP | B35: — | C35: 0.98772 | D35: =百家樂!D33 | E35: ✅
A36: 押和 RTP | B36: — | C36: 0.85883 | D36: =百家樂!D35 | E36: ✅
A38: ⑤ 百家樂 模型 ↔ 程式碼 對照
A39: 模型假設 | B39: 程式位置 | E39: 一致
A40: 莊補牌條件規則 | B40: BaccaratGameService.java:112 | E40: ✅
A41: 莊贏扣5%傭金 | B41: BaccaratGameService.java:206 | E41: ✅
A42: 和8:1 / 和局push退本金 | B42: BaccaratGameService.java:197/200 | E42: ✅
A43: 每局反水0.5%(min1) | B43: BaccaratService.java:191 | E43: ✅
A44: 牌值 A=1、10~K=0 | B44: Card.java value() | E44: ✅
A46: 方法：Python 以加權精確枚舉（非蒙地卡羅）鏡像補牌規則，三方機率合計=1；莊家優勢(莊1.06%/閒1.23%/和14.1%)與教科書吻合。Excel實算欄以公式引用『百家樂』分頁即時重算。
